1,L1_T,10
1,L1_H,58
1,L1_1,71
1,L1_2,106
1,L1_T,122
1,L2_H,173
1,L2_1,185
1,L2_2,219
1,L2_T,234
1,L3_H,281
1,L3_1,294
1,L3_2,329
1,L3_T,344
1,L4_H,392
1,L4_1,400
1,L4_2,439
1,L4_T,453
1,R1_H,1
1,R1_1,11
1,R1_2,52
1,R1_T,67
1,R2_H,114
1,R2_1,126
1,R2_2,166
1,R2_T,182
1,R3_H,226
1,R3_1,236
1,R3_2,277
1,R3_T,290
1,R4_H,336
1,R4_1,349
1,R4_2,384
1,R4_T,400
1,R4_H,446
X,X,X
1,L5_H,1
1,L5_1,15
1,L5_2,52
1,L5_T,71
1,L6_H,117
1,L6_1,126
1,L6_2,163
1,L6_T,177
1,L7_H,224
1,L7_1,234
1,L7_2,268
1,L7_T,282
1,L8_H,328
1,L8_1,338
1,L8_2,374
1,L8_T,386
1,L8_H,433
1,R5_T,15
1,R5_H,60
1,R5_1,70
1,R5_2,111
1,R5_T,126
1,R6_H,171
1,R6_1,179
1,R6_2,218
1,R6_T,231
1,R7_H,275
1,R7_1,283
1,R7_2,322
1,R7_T,336
1,R8_H,380
1,R8_1,388
1,R8_2,426
1,R8_T,439
X,X,X
1,L9_T,11
1,L9_H,58
1,L9_1,71
1,L9_2,107
1,L9_T,120
1,L10_H,167
1,L10_1,176
1,L10_2,214
1,L10_T,225
1,L11_H,269
1,L11_1,279
1,L11_2,315
1,L11_T,328
1,L11_H,376
1,R9_H,1
1,R9_1,14
1,R9_2,53
1,R9_T,67
1,R10_H,113
1,R10_1,122
1,R10_2,162
1,R10_T,175
1,R11_H,218
1,R11_1,227
1,R11_2,263
1,R11_T,276
1,R12_H,322
1,R12_1,330
1,R12_2,370
1,R12_T,383
X,X,X
1,L12_H,1
1,L12_1,18
1,L12_2,54
1,L12_T,69
1,L13_H,114
1,L13_1,126
1,L13_2,164
1,L13_T,176
1,L14_H,221
1,L14_1,234
1,L14_2,270
1,L14_T,281
1,L15_H,326
1,L15_1,337
1,L15_2,372
1,L15_T,384
1,L15_H,431
1,R13_T,12
1,R13_H,61
1,R13_1,70
1,R13_2,109
1,R13_T,122
1,R14_H,168
1,R14_1,178
1,R14_2,215
1,R14_T,230
1,R15_H,274
1,R15_1,281
1,R15_2,320
1,R15_T,333
1,R16_H,378
1,R16_1,386
1,R16_2,424
1,R16_T,438
X,X,X
1,L16_T,9
1,L16_H,59
1,L16_1,73
1,L16_2,106
1,L16_T,121
1,L17_H,168
1,L17_1,178
1,L17_2,220
1,L17_T,232
1,L18_H,279
1,L18_1,290
1,L18_2,325
1,L18_T,343
1,L18_H,389
1,R17_H,1
1,R17_1,12
1,R17_2,50
1,R17_T,69
1,R18_H,113
1,R18_1,121
1,R18_2,161
1,R18_T,176
1,R19_H,224
1,R19_1,235
1,R19_2,273
1,R19_T,285
1,R20_H,333
1,R20_1,344
1,R20_2,381
1,R20_T,395
X,X,X
1,L19_H,1
1,L19_1,10
1,L19_2,47
1,L19_T,58
1,L20_H,109
1,L20_1,116
1,L20_2,157
1,L20_T,167
1,L21_H,215
1,L21_1,225
1,L21_2,261
1,L21_T,275
1,L22_H,321
1,L22_1,330
1,L22_2,368
1,L22_T,380
1,R21_T,9
1,R21_H,52
1,R21_1,59
1,R21_2,101
1,R21_T,115
1,R22_H,161
1,R22_1,169
1,R22_2,209
1,R22_T,223
1,R23_H,267
1,R23_1,276
1,R23_2,316
1,R23_T,328
1,R23_H,373
X,X,X
1,L23_T,9
1,L23_H,54
1,L23_1,65
1,L23_2,103
1,L23_T,116
1,L24_H,164
1,L24_1,176
1,L24_2,213
1,L24_T,223
1,L25_H,268
1,L25_1,278
1,L25_2,314
1,L25_T,325
1,L26_H,373
1,L26_1,383
1,L26_2,422
1,L26_T,433
1,R24_H,1
1,R24_1,8
1,R24_2,50
1,R24_T,64
1,R25_H,109
1,R25_1,117
1,R25_2,158
1,R25_T,172
1,R26_H,216
1,R26_1,224
1,R26_2,260
1,R26_T,273
1,R27_H,319
1,R27_1,327
1,R27_2,368
1,R27_T,378
1,R27_H,426
X,X,X
1,L27_H,1
1,L27_1,10
1,L27_2,50
1,L27_T,60
1,L28_H,107
1,L28_1,112
1,L28_2,152
1,L28_T,164
1,L29_H,210
1,L29_1,213
1,L29_2,258
1,L29_T,270
1,L30_H,317
1,L30_1,328
1,L30_2,362
1,L30_T,374
1,R28_T,9
1,R28_H,55
1,R28_1,61
1,R28_2,102
1,R28_T,113
1,R29_H,157
1,R29_1,165
1,R29_2,204
1,R29_T,218
1,R30_H,265
1,R30_1,273
1,R30_2,313
1,R30_T,324
1,R30_H,369
X,X,X
1,L31_T,8
1,L31_H,58
1,L31_1,67
1,L31_2,108
1,L31_T,121
1,L32_H,169
1,L32_1,179
1,L32_2,216
1,L32_T,231
1,L33_H,280
1,L33_1,292
1,L33_2,328
1,L33_T,341
1,L34_H,391
1,L34_1,401
1,L34_2,438
1,L34_T,452
1,R31_H,1
1,R31_1,10
1,R31_2,52
1,R31_T,66
1,R32_H,115
1,R32_1,123
1,R32_2,164
1,R32_T,178
1,R33_H,225
1,R33_1,234
1,R33_2,273
1,R33_T,287
1,R34_H,337
1,R34_1,345
1,R34_2,385
1,R34_T,400
1,R34_H,446
X,X,X
1,L35_H,1
1,L35_1,13
1,L35_2,48
1,L35_T,58
1,L36_H,106
1,L36_1,118
1,L36_2,152
1,L36_T,164
1,L37_H,212
1,L37_1,221
1,L37_2,257
1,L37_T,271
1,L38_H,319
1,L38_1,329
1,L38_2,365
1,L38_T,379
1,R35_T,9
1,R35_H,54
1,R35_1,62
1,R35_2,100
1,R35_T,112
1,R36_H,158
1,R36_1,166
1,R36_2,205
1,R36_T,218
1,R37_H,265
1,R37_1,273
1,R37_2,311
1,R37_T,322
1,R37_H,373
X,X,X
1,L39_T,11
1,L39_H,57
1,L39_1,67
1,L39_2,104
1,L39_T,118
1,L40_H,161
1,L40_1,173
1,L40_2,207
1,L40_T,221
1,L41_H,267
1,L41_1,278
1,L41_2,311
1,L41_T,323
1,L41_H,373
1,R38_H,1
1,R38_1,9
1,R38_2,52
1,R38_T,64
1,R39_H,111
1,R39_1,120
1,R39_2,158
1,R39_T,168
1,R40_H,214
1,R40_1,224
1,R40_2,260
1,R40_T,273
1,R41_H,319
1,R41_1,323
1,R41_2,367
1,R41_T,381
X,X,X
1,L42_H,1
1,L42_1,14
1,L42_2,48
1,L42_T,58
1,L43_H,106
1,L43_1,115
1,L43_2,150
1,L43_T,163
1,L44_H,212
1,L44_1,220
1,L44_2,256
1,L44_T,270
1,L45_H,317
1,L45_1,327
1,L45_2,363
1,L45_T,378
1,R42_T,9
1,R42_H,53
1,R42_1,62
1,R42_2,102
1,R42_T,113
1,R43_H,158
1,R43_1,166
1,R43_2,205
1,R43_T,218
1,R44_H,264
1,R44_1,272
1,R44_2,310
1,R44_T,323
1,R44_H,372
X,X,X
2,L1_T,13
2,L1_H,52
2,L1_1,66
2,L1_2,97
2,L1_T,112
2,L2_H,152
2,L2_1,168
2,L2_2,199
2,L2_T,213
2,L3_H,254
2,L3_1,267
2,L3_2,302
2,L3_T,318
2,L4_H,357
2,L4_1,371
2,L4_2,406
2,L4_T,421
2,R1_H,1
2,R1_1,18
2,R1_2,50
2,R1_T,64
2,R2_H,101
2,R2_1,113
2,R2_2,150
2,R2_T,172
2,R3_H,202
2,R3_1,215
2,R3_2,249
2,R3_T,262
2,R4_H,305
2,R4_1,322
2,R4_2,352
2,R4_T,366
2,R4_H,407
X,X,X
2,L5_H,1
2,L5_1,13
2,L5_2,49
2,L5_T,64
2,L6_H,101
2,L6_1,116
2,L6_2,149
2,L6_T,166
2,L7_H,204
2,L7_1,216
2,L7_2,249
2,L7_T,264
2,L8_H,302
2,L8_1,315
2,L8_2,349
2,L8_T,365
2,L8_H,403
2,R5_T,14
2,R5_H,52
2,R5_1,64
2,R5_2,97
2,R5_T,110
2,R6_H,153
2,R6_1,169
2,R6_2,201
2,R6_T,211
2,R7_H,252
2,R7_1,267
2,R7_2,299
2,R7_T,310
2,R8_H,351
2,R8_1,369
2,R8_2,401
2,R8_T,414
X,X,X
2,L9_T,15
2,L9_H,52
2,L9_1,67
2,L9_2,98
2,L9_T,114
2,L10_H,153
2,L10_1,171
2,L10_2,199
2,L10_T,214
2,L11_H,250
2,L11_1,264
2,L11_2,297
2,L11_T,313
2,L12_H,352
2,L12_1,365
2,L12_2,399
2,L12_T,414
2,R9_H,1
2,R9_1,19
2,R9_2,51
2,R9_T,61
2,R10_H,102
2,R10_1,115
2,R10_2,152
2,R10_T,163
2,R11_H,202
2,R11_1,215
2,R11_2,247
2,R11_T,260
2,R12_H,301
2,R12_1,314
2,R12_2,346
2,R12_T,360
2,R12_H,401
X,X,X
2,L13_H,1
2,L13_1,21
2,L13_2,50
2,L13_T,63
2,L14_H,105
2,L14_1,116
2,L14_2,153
2,L14_T,168
2,L15_H,204
2,L15_1,217
2,L15_2,249
2,L15_T,264
2,L16_H,302
2,L16_1,314
2,L16_2,349
2,L16_T,366
2,R13_T,13
2,R13_H,53
2,R13_1,69
2,R13_2,102
2,R13_T,118
2,R14_H,156
2,R14_1,169
2,R14_2,201
2,R14_T,216
2,R15_H,254
2,R15_1,267
2,R15_2,297
2,R15_T,310
2,R15_H,354
X,X,X
2,L17_T,13
2,L17_H,53
2,L17_1,68
2,L17_2,102
2,L17_T,115
2,L18_H,156
2,L18_1,168
2,L18_2,202
2,L18_T,215
2,L19_H,255
2,L19_1,267
2,L19_2,303
2,L19_T,317
2,L20_H,357
2,L20_1,371
2,L20_2,409
2,L20_T,423
2,R16_H,1
2,R16_1,20
2,R16_2,49
2,R16_T,62
2,R17_H,105
2,R17_1,120
2,R17_2,154
2,R17_T,170
2,R18_H,205
2,R18_1,218
2,R18_2,251
2,R18_T,263
2,R19_H,306
2,R19_1,322
2,R19_2,354
2,R19_T,367
2,R19_H,411
X,X,X
2,L21_H,1
2,L21_1,17
2,L21_2,52
2,L21_T,66
2,L22_H,106
2,L22_1,119
2,L22_2,153
2,L22_T,168
2,L23_H,205
2,L23_1,220
2,L23_2,252
2,L23_T,268
2,L24_H,308
2,L24_1,321
2,L24_2,357
2,L24_T,370
2,L24_H,412
2,R20_T,10
2,R20_H,56
2,R20_1,69
2,R20_2,101
2,R20_T,115
2,R21_H,156
2,R21_1,169
2,R21_2,202
2,R21_T,214
2,R22_H,257
2,R22_1,273
2,R22_2,304
2,R22_T,316
2,R23_H,359
2,R23_1,377
2,R23_2,407
2,R23_T,421
X,X,X
2,L25_T,10
2,L25_H,51
2,L25_1,66
2,L25_2,99
2,L25_T,109
2,L26_H,155
2,L26_1,170
2,L26_2,202
2,L26_T,215
2,L27_H,255
2,L27_1,269
2,L27_2,302
2,L27_T,314
2,L28_H,358
2,L28_1,372
2,L28_2,406
2,L28_T,419
2,R24_H,1
2,R24_1,18
2,R24_2,50
2,R24_T,64
2,R25_H,101
2,R25_1,111
2,R25_2,151
2,R25_T,167
2,R26_H,205
2,R26_1,217
2,R26_2,252
2,R26_T,264
2,R27_H,305
2,R27_1,319
2,R27_2,354
2,R27_T,368
2,R27_H,409
X,X,X
2,L29_H,1
2,L29_1,16
2,L29_2,49
2,L29_T,63
2,L30_H,103
2,L30_1,118
2,L30_2,150
2,L30_T,163
2,L31_H,206
2,L31_1,216
2,L31_2,253
2,L31_T,267
2,L32_H,309
2,L32_1,322
2,L32_2,357
2,L32_T,371
2,R28_T,13
2,R28_H,53
2,R28_1,66
2,R28_2,98
2,R28_T,113
2,R29_H,154
2,R29_1,170
2,R29_2,203
2,R29_T,216
2,R30_H,257
2,R30_1,272
2,R30_2,307
2,R30_T,318
2,R30_H,361
X,X,X
2,L33_T,11
2,L33_H,52
2,L33_1,65
2,L33_2,100
2,L33_T,115
2,L34_H,154
2,L34_1,162
2,L34_2,200
2,L34_T,213
2,L35_H,251
2,L35_1,265
2,L35_2,299
2,L35_T,313
2,L35_H,353
2,R31_H,1
2,R31_1,17
2,R31_2,53
2,R31_T,62
2,R32_H,104
2,R32_1,117
2,R32_2,152
2,R32_T,163
2,R33_H,203
2,R33_1,215
2,R33_2,250
2,R33_T,261
2,R34_H,302
2,R34_1,317
2,R34_2,351
2,R34_T,362
X,X,X
2,L36_H,1
2,L36_1,17
2,L36_2,51
2,L36_T,68
2,L37_H,104
2,L37_1,117
2,L37_2,151
2,L37_T,165
2,L38_H,206
2,L38_1,217
2,L38_2,253
2,L38_T,266
2,L39_H,305
2,L39_1,322
2,L39_2,355
2,L39_T,369
2,L39_H,409
2,R35_T,18
2,R35_H,55
2,R35_1,70
2,R35_2,101
2,R35_T,114
2,R36_H,155
2,R36_1,171
2,R36_2,203
2,R36_T,225
2,R37_H,256
2,R37_1,270
2,R37_2,301
2,R37_T,313
2,R38_H,356
2,R38_1,375
2,R38_2,409
2,R38_T,419
X,X,X
2,L40_T,11
2,L40_H,53
2,L40_1,66
2,L40_2,97
2,L40_T,111
2,L41_H,153
2,L41_1,169
2,L41_2,202
2,L41_T,214
2,L42_H,256
2,L42_1,268
2,L42_2,300
2,L42_T,310
2,L43_H,353
2,L43_1,370
2,L43_2,405
2,L43_T,420
2,R39_H,1
2,R39_1,18
2,R39_2,50
2,R39_T,61
2,R40_H,102
2,R40_1,116
2,R40_2,150
2,R40_T,164
2,R41_H,205
2,R41_1,221
2,R41_2,252
2,R41_T,266
2,R42_H,302
2,R42_1,314
2,R42_2,352
2,R42_T,364
2,R42_H,408
X,X,X
2,L44_H,1
2,L44_1,16
2,L44_2,49
2,L44_T,63
2,L45_H,106
2,L45_1,123
2,L45_2,153
2,L45_T,167
2,L46_H,210
2,L46_1,221
2,L46_2,255
2,L46_T,268
2,L47_H,310
2,L47_1,322
2,L47_2,358
2,L47_T,374
2,R43_T,20
2,R43_H,54
2,R43_1,70
2,R43_2,102
2,R43_T,116
2,R44_H,158
2,R44_1,171
2,R44_2,206
2,R44_T,218
2,R45_H,259
2,R45_1,272
2,R45_2,307
2,R45_T,322
2,R45_H,364
X,X,X
3,L1_T,13
3,L1_H,52
3,L1_1,69
3,L1_2,102
3,L1_T,119
3,L2_H,155
3,L2_1,167
3,L2_2,202
3,L2_T,216
3,L3_H,255
3,L3_1,271
3,L3_2,302
3,L3_T,317
3,L3_H,356
3,R1_H,1
3,R1_1,13
3,R1_2,50
3,R1_T,67
3,R2_H,108
3,R2_1,119
3,R2_2,151
3,R2_T,166
3,R3_H,205
3,R3_1,216
3,R3_2,253
3,R3_T,267
3,R4_H,305
3,R4_1,316
3,R4_2,350
3,R4_T,368
X,X,X
3,L4_H,1
3,L4_1,17
3,L4_2,48
3,L4_T,63
3,L5_H,100
3,L5_1,110
3,L5_2,146
3,L5_T,161
3,L6_H,197
3,L6_1,208
3,L6_2,243
3,L6_T,260
3,L7_H,298
3,L7_1,306
3,L7_2,345
3,L7_T,359
3,L7_H,398
3,R5_T,18
3,R5_H,51
3,R5_1,63
3,R5_2,96
3,R5_T,112
3,R6_H,150
3,R6_1,161
3,R6_2,197
3,R6_T,209
3,R7_H,248
3,R7_1,260
3,R7_2,291
3,R7_T,309
3,R8_H,348
3,R8_1,362
3,R8_2,398
3,R8_T,412
X,X,X
3,L8_T,13
3,L8_H,53
3,L8_1,64
3,L8_2,101
3,L8_T,115
3,L9_H,155
3,L9_1,171
3,L9_2,202
3,L9_T,219
3,L10_H,257
3,L10_1,269
3,L10_2,304
3,L10_T,319
3,L10_H,357
3,R9_H,1
3,R9_1,16
3,R9_2,47
3,R9_T,66
3,R10_H,104
3,R10_1,118
3,R10_2,151
3,R10_T,166
3,R11_H,208
3,R11_1,217
3,R11_2,253
3,R11_T,267
3,R12_H,307
3,R12_1,317
3,R12_2,352
3,R12_T,369
X,X,X
3,L11_H,1
3,L11_1,17
3,L11_2,51
3,L11_T,67
3,L12_H,106
3,L12_1,121
3,L12_2,153
3,L12_T,169
3,L13_H,207
3,L13_1,221
3,L13_2,253
3,L13_T,268
3,L14_H,306
3,L14_1,320
3,L14_2,354
3,L14_T,368
3,L14_H,407
3,R13_T,15
3,R13_H,55
3,R13_1,70
3,R13_2,105
3,R13_T,118
3,R14_H,157
3,R14_1,168
3,R14_2,205
3,R14_T,218
3,R15_H,257
3,R15_1,268
3,R15_2,304
3,R15_T,321
3,R16_H,357
3,R16_1,367
3,R16_2,402
3,R16_T,419
X,X,X
3,L15_T,14
3,L15_H,54
3,L15_1,69
3,L15_2,103
3,L15_T,118
3,L16_H,157
3,L16_1,173
3,L16_2,205
3,L16_T,218
3,L17_H,256
3,L17_1,268
3,L17_2,303
3,L17_T,318
3,L18_H,357
3,L18_1,367
3,L18_2,402
3,L18_T,419
3,R17_H,1
3,R17_1,15
3,R17_2,52
3,R17_T,67
3,R18_H,108
3,R18_1,119
3,R18_2,155
3,R18_T,169
3,R19_H,208
3,R19_1,220
3,R19_2,255
3,R19_T,267
3,R20_H,307
3,R20_1,318
3,R20_2,356
3,R20_T,368
3,R20_H,408
X,X,X
3,L19_H,1
3,L19_1,13
3,L19_2,50
3,L19_T,65
3,L20_H,104
3,L20_1,119
3,L20_2,151
3,L20_T,165
3,L21_H,205
3,L21_1,218
3,L21_2,252
3,L21_T,266
3,L22_H,306
3,L22_1,319
3,L22_2,354
3,L22_T,368
3,L22_H,408
3,R21_T,13
3,R21_H,54
3,R21_1,65
3,R21_2,99
3,R21_T,116
3,R22_H,155
3,R22_1,165
3,R22_2,202
3,R22_T,216
3,R23_H,254
3,R23_1,264
3,R23_2,300
3,R23_T,317
3,R24_H,357
3,R24_1,367
3,R24_2,407
3,R24_T,420
X,X,X
3,L23_T,12
3,L23_H,52
3,L23_1,68
3,L23_2,102
3,L23_T,117
3,L24_H,155
3,L24_1,167
3,L24_2,203
3,L24_T,218
3,L25_H,256
3,L25_1,270
3,L25_2,304
3,L25_T,319
3,L25_H,360
3,R25_H,1
3,R25_1,12
3,R25_2,44
3,R25_T,64
3,R26_H,105
3,R26_1,118
3,R26_2,153
3,R26_T,167
3,R27_H,206
3,R27_1,217
3,R27_2,252
3,R27_T,267
3,R28_H,308
3,R28_1,318
3,R28_2,358
3,R28_T,370
X,X,X
3,L26_H,1
3,L26_1,13
3,L26_2,50
3,L26_T,66
3,L27_H,107
3,L27_1,122
3,L27_2,157
3,L27_T,171
3,L28_H,210
3,L28_1,221
3,L28_2,258
3,L28_T,271
3,L29_H,311
3,L29_1,324
3,L29_2,358
3,L29_T,371
3,R29_T,13
3,R29_H,54
3,R29_1,66
3,R29_2,104
3,R29_T,119
3,R30_H,159
3,R30_1,172
3,R30_2,209
3,R30_T,222
3,R31_H,261
3,R31_1,272
3,R31_2,309
3,R31_T,321
3,R31_H,360
X,X,X
3,L30_T,13
3,L30_H,53
3,L30_1,69
3,L30_2,102
3,L30_T,116
3,L31_H,155
3,L31_1,167
3,L31_2,200
3,L31_T,213
3,L32_H,252
3,L32_1,264
3,L32_2,297
3,L32_T,315
3,L33_H,348
3,L33_1,362
3,L33_2,395
3,L33_T,409
3,R32_H,1
3,R32_1,11
3,R32_2,49
3,R32_T,65
3,R33_H,105
3,R33_1,117
3,R33_2,153
3,R33_T,166
3,R34_H,204
3,R34_1,214
3,R34_2,248
3,R34_T,263
3,R35_H,300
3,R35_1,312
3,R35_2,346
3,R35_T,360
3,R35_H,399
X,X,X
3,L34_H,1
3,L34_1,13
3,L34_2,45
3,L34_T,60
3,L35_H,99
3,L35_1,110
3,L35_2,144
3,L35_T,158
3,L36_H,196
3,L36_1,210
3,L36_2,241
3,L36_T,255
3,L37_H,294
3,L37_1,306
3,L37_2,340
3,L37_T,354
3,R36_T,12
3,R36_H,49
3,R36_1,58
3,R36_2,94
3,R36_T,108
3,R37_H,148
3,R37_1,154
3,R37_2,194
3,R37_T,209
3,R38_H,245
3,R38_1,253
3,R38_2,290
3,R38_T,305
3,R38_H,343
X,X,X
3,L38_T,13
3,L38_H,51
3,L38_1,67
3,L38_2,98
3,L38_T,113
3,L39_H,152
3,L39_1,165
3,L39_2,201
3,L39_T,214
3,L40_H,254
3,L40_1,268
3,L40_2,298
3,L40_T,313
3,L40_H,352
3,R39_H,1
3,R39_1,11
3,R39_2,50
3,R39_T,63
3,R40_H,102
3,R40_1,110
3,R40_2,146
3,R40_T,163
3,R41_H,203
3,R41_1,213
3,R41_2,250
3,R41_T,265
3,R42_H,303
3,R42_1,315
3,R42_2,348
3,R42_T,363
X,X,X
3,L41_H,1
3,L41_1,19
3,L41_2,58
3,L41_T,73
3,L42_H,112
3,L42_1,127
3,L42_2,160
3,L42_T,175
3,L43_H,214
3,L43_1,227
3,L43_2,261
3,L43_T,275
3,L44_H,314
3,L44_1,326
3,L44_2,365
3,L44_T,387
3,R43_T,16
3,R43_H,61
3,R43_1,73
3,R43_2,106
3,R43_T,124
3,R44_H,165
3,R44_1,174
3,R44_2,210
3,R44_T,224
3,R45_H,265
3,R45_1,276
3,R45_2,311
3,R45_T,326
3,R45_H,368
X,X,X
4,L1_T,10
4,L1_H,57
4,L1_1,72
4,L1_2,110
4,L1_T,122
4,L2_H,169
4,L2_1,176
4,L2_2,218
4,L2_T,231
4,L3_H,276
4,L3_1,285
4,L3_2,326
4,L3_T,338
4,L3_H,385
4,R1_H,1
4,R1_1,12
4,R1_2,55
4,R1_T,68
4,R2_H,113
4,R2_1,122
4,R2_2,164
4,R2_T,180
4,R3_H,223
4,R3_1,231
4,R3_2,272
4,R3_T,287
4,R4_H,328
4,R4_1,336
4,R4_2,380
4,R4_T,395
X,X,X
4,L4_H,1
4,L4_1,11
4,L4_2,53
4,L4_T,64
4,L5_H,108
4,L5_1,114
4,L5_2,155
4,L5_T,169
4,L6_H,214
4,L6_1,221
4,L6_2,264
4,L6_T,276
4,L7_H,320
4,L7_1,331
4,L7_2,371
4,L7_T,384
4,R5_T,12
4,R5_H,56
4,R5_1,64
4,R5_2,104
4,R5_T,118
4,R6_H,161
4,R6_1,170
4,R6_2,207
4,R6_T,223
4,R7_H,268
4,R7_1,277
4,R7_2,317
4,R7_T,332
4,R7_H,373
X,X,X
4,L8_T,12
4,L8_H,57
4,L8_1,71
4,L8_2,107
4,L8_T,120
4,L9_H,167
4,L9_1,175
4,L9_2,217
4,L9_T,229
4,L10_H,273
4,L10_1,282
4,L10_2,323
4,L10_T,336
4,L10_H,383
4,R8_H,1
4,R8_1,20
4,R8_2,54
4,R8_T,68
4,R9_H,111
4,R9_1,120
4,R9_2,163
4,R9_T,179
4,R10_H,220
4,R10_1,228
4,R10_2,269
4,R10_T,283
4,R11_H,327
4,R11_1,335
4,R11_2,380
4,R11_T,394
X,X,X
4,L11_H,1
4,L11_1,8
4,L11_2,51
4,L11_T,62
4,L12_H,104
4,L12_1,112
4,L12_2,153
4,L12_T,166
4,L13_H,210
4,L13_1,220
4,L13_2,260
4,L13_T,274
4,L14_H,319
4,L14_1,337
4,L14_2,372
4,L14_T,385
4,R12_T,12
4,R12_H,54
4,R12_1,62
4,R12_2,101
4,R12_T,115
4,R13_H,157
4,R13_1,166
4,R13_2,206
4,R13_T,220
4,R14_H,264
4,R14_1,273
4,R14_2,316
4,R14_T,331
4,R14_H,375
X,X,X
4,L15_T,9
4,L15_H,55
4,L15_1,69
4,L15_2,104
4,L15_T,116
4,L16_H,162
4,L16_1,168
4,L16_2,210
4,L16_T,222
4,L17_H,265
4,L17_1,276
4,L17_2,312
4,L17_T,324
4,L17_H,370
4,R15_H,1
4,R15_1,10
4,R15_2,52
4,R15_T,66
4,R16_H,107
4,R16_1,116
4,R16_2,158
4,R16_T,172
4,R17_H,213
4,R17_1,221
4,R17_2,259
4,R17_T,274
4,R18_H,316
4,R18_1,324
4,R18_2,367
4,R18_T,380
X,X,X
4,L18_H,1
4,L18_1,9
4,L18_2,52
4,L18_T,63
4,L19_H,105
4,L19_1,116
4,L19_2,153
4,L19_T,167
4,L20_H,210
4,L20_1,224
4,L20_2,261
4,L20_T,272
4,L21_H,316
4,L21_1,330
4,L21_2,366
4,L21_T,379
4,R19_T,11
4,R19_H,55
4,R19_1,63
4,R19_2,98
4,R19_T,115
4,R20_H,158
4,R20_1,167
4,R20_2,208
4,R20_T,220
4,R21_H,264
4,R21_1,273
4,R21_2,313
4,R21_T,326
4,R21_H,371
X,X,X
4,L22_T,8
4,L22_H,55
4,L22_1,71
4,L22_2,103
4,L22_T,114
4,L23_H,160
4,L23_1,167
4,L23_2,208
4,L23_T,218
4,L24_H,264
4,L24_1,271
4,L24_2,314
4,L24_T,326
4,L25_H,370
4,L25_1,385
4,L25_2,421
4,L25_T,434
4,R22_H,1
4,R22_1,8
4,R22_2,52
4,R22_T,67
4,R23_H,106
4,R23_1,113
4,R23_2,156
4,R23_T,169
4,R24_H,210
4,R24_1,217
4,R24_2,260
4,R24_T,273
4,R25_H,317
4,R25_1,325
4,R25_2,368
4,R25_T,380
4,R25_H,424
X,X,X
4,L26_H,1
4,L26_1,16
4,L26_2,54
4,L26_T,65
4,L27_H,109
4,L27_1,120
4,L27_2,158
4,L27_T,170
4,L28_H,213
4,L28_1,224
4,L28_2,262
4,L28_T,274
4,L29_H,317
4,L29_1,332
4,L29_2,369
4,L29_T,381
4,R26_T,12
4,R26_H,57
4,R26_1,65
4,R26_2,105
4,R26_T,118
4,R27_H,161
4,R27_1,169
4,R27_2,209
4,R27_T,222
4,R28_H,266
4,R28_1,274
4,R28_2,315
4,R28_T,328
4,R28_H,372
X,X,X
4,L30_T,14
4,L30_H,57
4,L30_1,66
4,L30_2,112
4,L30_T,128
4,L31_H,172
4,L31_1,181
4,L31_2,226
4,L31_T,241
4,L32_H,287
4,L32_1,306
4,L32_2,344
4,L32_T,360
4,L33_H,404
4,L33_1,427
4,L33_2,459
4,L33_T,475
4,R29_H,1
4,R29_1,14
4,R29_2,55
4,R29_T,68
4,R30_H,116
4,R30_1,134
4,R30_2,169
4,R30_T,182
4,R31_H,229
4,R31_1,237
4,R31_2,283
4,R31_T,297
4,R32_H,347
4,R32_1,370
4,R32_2,404
4,R32_T,416
4,R32_H,463
X,X,X
4,L34_H,1
4,L34_1,20
4,L34_2,56
4,L34_T,73
4,L35_H,115
4,L35_1,124
4,L35_2,168
4,L35_T,184
4,L36_H,228
4,L36_1,238
4,L36_2,282
4,L36_T,296
4,L37_H,340
4,L37_1,358
4,L37_2,394
4,L37_T,410
4,R33_T,12
4,R33_H,61
4,R33_1,68
4,R33_2,112
4,R33_T,124
4,R34_H,173
4,R34_1,180
4,R34_2,225
4,R34_T,238
4,R35_H,284
4,R35_1,292
4,R35_2,338
4,R35_T,350
4,R35_H,397
X,X,X
4,L38_T,13
4,L38_H,59
4,L38_1,77
4,L38_2,110
4,L38_T,125
4,L39_H,170
4,L39_1,188
4,L39_2,221
4,L39_T,236
4,L40_H,280
4,L40_1,294
4,L40_2,333
4,L40_T,349
4,L41_H,391
4,L41_1,403
4,L41_2,445
4,L41_T,464
4,R36_H,1
4,R36_1,13
4,R36_2,57
4,R36_T,70
4,R37_H,114
4,R37_1,121
4,R37_2,167
4,R37_T,180
4,R38_H,226
4,R38_1,233
4,R38_2,277
4,R38_T,289
4,R39_H,336
4,R39_1,348
4,R39_2,387
4,R39_T,400
4,R39_H,451
X,X,X
4,L42_H,1
4,L42_1,14
4,L42_2,57
4,L42_T,72
4,L43_H,119
4,L43_1,137
4,L43_2,172
4,L43_T,188
4,L44_H,234
4,L44_1,242
4,L44_2,287
4,L44_T,303
4,L45_H,345
4,L45_1,354
4,L45_2,400
4,L45_T,413
4,R40_T,11
4,R40_H,61
4,R40_1,72
4,R40_2,117
4,R40_T,130
4,R41_H,175
4,R41_1,184
4,R41_2,230
4,R41_T,243
4,R42_H,290
4,R42_1,299
4,R42_2,343
4,R42_T,355
4,R42_H,402
X,X,X
5,L1_T,11
5,L1_H,57
5,L1_1,73
5,L1_2,109
5,L1_T,123
5,L2_H,171
5,L2_1,191
5,L2_2,221
5,L2_T,237
5,L3_H,283
5,L3_1,298
5,L3_2,336
5,L3_T,350
5,L4_H,392
5,L4_1,406
5,L4_2,441
5,L4_T,456
5,R1_H,1
5,R1_1,16
5,R1_2,53
5,R1_T,71
5,R2_H,114
5,R2_1,130
5,R2_2,169
5,R2_T,185
5,R3_H,229
5,R3_1,241
5,R3_2,280
5,R3_T,292
5,R4_H,339
5,R4_1,355
5,R4_2,389
5,R4_T,402
5,R4_H,447
X,X,X
5,L5_H,1
5,L5_1,18
5,L5_2,50
5,L5_T,64
5,L6_H,110
5,L6_1,125
5,L6_2,160
5,L6_T,172
5,L7_H,216
5,L7_1,234
5,L7_2,268
5,L7_T,280
5,L8_H,323
5,L8_1,340
5,L8_2,372
5,L8_T,386
5,L8_H,427
5,R5_T,13
5,R5_H,56
5,R5_1,69
5,R5_2,107
5,R5_T,120
5,R6_H,165
5,R6_1,177
5,R6_2,213
5,R6_T,227
5,R7_H,272
5,R7_1,285
5,R7_2,322
5,R7_T,334
5,R8_H,377
5,R8_1,390
5,R8_2,424
5,R8_T,438
X,X,X
5,L9_T,9
5,L9_H,53
5,L9_1,67
5,L9_2,101
5,L9_T,115
5,L10_H,155
5,L10_1,170
5,L10_2,203
5,L10_T,217
5,L11_H,260
5,L11_1,274
5,L11_2,307
5,L11_T,321
5,L12_H,363
5,L12_1,378
5,L12_2,413
5,L12_T,428
5,L12_H,475
5,R9_H,1
5,R9_1,12
5,R9_2,49
5,R9_T,62
5,R10_H,107
5,R10_1,120
5,R10_2,152
5,R10_T,166
5,R11_H,208
5,R11_1,222
5,R11_2,256
5,R11_T,269
5,R12_H,312
5,R12_1,324
5,R12_2,360
5,R12_T,373
5,R13_H,418
5,R13_1,432
5,R13_2,471
5,R13_T,486
X,X,X
5,L13_H,1
5,L13_1,21
5,L13_2,54
5,L13_T,68
5,L14_H,111
5,L14_1,125
5,L14_2,159
5,L14_T,175
5,L15_H,218
5,L15_1,234
5,L15_2,265
5,L15_T,281
5,L16_H,322
5,L16_1,337
5,L16_2,369
5,L16_T,383
5,L17_H,427
5,L17_1,442
5,L17_2,475
5,L17_T,488
5,R14_T,13
5,R14_H,58
5,R14_1,71
5,R14_2,108
5,R14_T,121
5,R15_H,165
5,R15_1,179
5,R15_2,215
5,R15_T,227
5,R16_H,272
5,R16_1,284
5,R16_2,320
5,R16_T,333
5,R17_H,376
5,R17_1,388
5,R17_2,425
5,R17_T,437
5,R17_H,480
X,X,X
5,L18_T,11
5,L18_H,54
5,L18_1,68
5,L18_2,102
5,L18_T,117
5,L19_H,161
5,L19_1,175
5,L19_2,209
5,L19_T,222
5,L20_H,263
5,L20_1,277
5,L20_2,310
5,L20_T,323
5,L21_H,366
5,L21_1,382
5,L21_2,415
5,L21_T,427
5,L21_H,471
5,R18_H,1
5,R18_1,15
5,R18_2,50
5,R18_T,65
5,R19_H,109
5,R19_1,121
5,R19_2,158
5,R19_T,170
5,R20_H,214
5,R20_1,227
5,R20_2,260
5,R20_T,273
5,R21_H,315
5,R21_1,328
5,R21_2,363
5,R21_T,376
5,R22_H,420
5,R22_1,432
5,R22_2,469
5,R22_T,483
X,X,X
5,L22_H,1
5,L22_1,16
5,L22_2,49
5,L22_T,64
5,L23_H,106
5,L23_1,121
5,L23_2,153
5,L23_T,164
5,L24_H,206
5,L24_1,220
5,L24_2,253
5,L24_T,267
5,L25_H,309
5,L25_1,323
5,L25_2,357
5,L25_T,373
5,L26_H,415
5,L26_1,432
5,L26_2,466
5,L26_T,481
5,R23_T,12
5,R23_H,55
5,R23_1,68
5,R23_2,103
5,R23_T,117
5,R24_H,157
5,R24_1,169
5,R24_2,204
5,R24_T,215
5,R25_H,259
5,R25_1,270
5,R25_2,306
5,R25_T,319
5,R26_H,364
5,R26_1,377
5,R26_2,412
5,R26_T,426
5,R26_H,471
X,X,X
5,L27_T,10
5,L27_H,55
5,L27_1,73
5,L27_2,104
5,L27_T,120
5,L28_H,162
5,L28_1,177
5,L28_2,211
5,L28_T,225
5,L29_H,266
5,L29_1,282
5,L29_2,315
5,L29_T,330
5,L30_H,371
5,L30_1,387
5,L30_2,422
5,L30_T,434
5,R27_H,1
5,R27_1,14
5,R27_2,52
5,R27_T,66
5,R28_H,111
5,R28_1,124
5,R28_2,158
5,R28_T,173
5,R29_H,215
5,R29_1,228
5,R29_2,264
5,R29_T,277
5,R30_H,321
5,R30_1,334
5,R30_2,368
5,R30_T,381
5,R30_H,427
X,X,X
5,L31_H,1
5,L31_1,22
5,L31_2,50
5,L31_T,66
5,L32_H,109
5,L32_1,125
5,L32_2,159
5,L32_T,174
5,L33_H,215
5,L33_1,232
5,L33_2,267
5,L33_T,279
5,L34_H,322
5,L34_1,339
5,L34_2,373
5,L34_T,389
5,L34_H,433
5,R31_T,14
5,R31_H,57
5,R31_1,69
5,R31_2,106
5,R31_T,119
5,R32_H,163
5,R32_1,175
5,R32_2,212
5,R32_T,227
5,R33_H,269
5,R33_1,284
5,R33_2,319
5,R33_T,332
5,R34_H,380
5,R34_1,392
5,R34_2,431
5,R34_T,444
X,X,X
5,L35_T,10
5,L35_H,52
5,L35_1,71
5,L35_2,101
5,L35_T,118
5,L36_H,160
5,L36_1,175
5,L36_2,209
5,L36_T,221
5,L37_H,264
5,L37_1,279
5,L37_2,313
5,L37_T,326
5,L38_H,369
5,L38_1,384
5,L38_2,419
5,L38_T,433
5,R35_H,1
5,R35_1,15
5,R35_2,52
5,R35_T,63
5,R36_H,108
5,R36_1,122
5,R36_2,157
5,R36_T,170
5,R37_H,214
5,R37_1,226
5,R37_2,260
5,R37_T,274
5,R38_H,318
5,R38_1,329
5,R38_2,366
5,R38_T,378
5,R38_H,424
X,X,X
5,L39_H,1
5,L39_1,15
5,L39_2,51
5,L39_T,65
5,L40_H,108
5,L40_1,123
5,L40_2,155
5,L40_T,169
5,L41_H,210
5,L41_1,224
5,L41_2,258
5,L41_T,270
5,L42_H,311
5,L42_1,328
5,L42_2,359
5,L42_T,373
5,L42_H,413
5,R39_T,11
5,R39_H,57
5,R39_1,69
5,R39_2,106
5,R39_T,117
5,R40_H,160
5,R40_1,172
5,R40_2,205
5,R40_T,219
5,R41_H,262
5,R41_1,275
5,R41_2,310
5,R41_T,322
5,R42_H,364
5,R42_1,376
5,R42_2,411
5,R42_T,426
X,X,X
5,L43_T,10
5,L43_H,53
5,L43_1,66
5,L43_2,103
5,L43_T,118
5,L44_H,160
5,L44_1,174
5,L44_2,208
5,L44_T,222
5,L45_H,264
5,L45_1,279
5,L45_2,314
5,L45_T,326
5,L46_H,369
5,L46_1,384
5,L46_2,418
5,L46_T,431
5,L46_H,472
5,R43_H,1
5,R43_1,14
5,R43_2,50
5,R43_T,63
5,R44_H,110
5,R44_1,121
5,R44_2,157
5,R44_T,169
5,R45_H,213
5,R45_1,225
5,R45_2,260
5,R45_T,274
5,R46_H,318
5,R46_1,330
5,R46_2,365
5,R46_T,380
5,R47_H,423
5,R47_1,435
5,R47_2,469
5,R47_T,482
X,X,X
5,L47_H,1
5,L47_1,24
5,L47_2,54
5,L47_T,66
5,L48_H,109
5,L48_1,123
5,L48_2,156
5,L48_T,171
5,L49_H,217
5,L49_1,233
5,L49_2,267
5,L49_T,281
5,L50_H,323
5,L50_1,338
5,L50_2,375
5,L50_T,388
5,L51_H,432
5,L51_1,447
5,L51_2,479
5,L51_T,495
5,R48_T,13
5,R48_H,59
5,R48_1,71
5,R48_2,106
5,R48_T,119
5,R49_H,164
5,R49_1,176
5,R49_2,214
5,R49_T,228
5,R50_H,273
5,R50_1,286
5,R50_2,320
5,R50_T,334
5,R51_H,380
5,R51_1,391
5,R51_2,429
5,R51_T,441
5,R51_H,487
X,X,X
6,L1_T,9
6,L1_H,52
6,L1_1,66
6,L1_2,102
6,L1_T,114
6,L2_H,157
6,L2_1,170
6,L2_2,208
6,L2_T,219
6,L3_H,263
6,L3_1,278
6,L3_2,315
6,L3_T,325
6,L4_H,371
6,L4_1,387
6,L4_2,424
6,L4_T,436
6,R1_H,1
6,R1_1,9
6,R1_2,50
6,R1_T,63
6,R2_H,106
6,R2_1,114
6,R2_2,155
6,R2_T,168
6,R3_H,211
6,R3_1,222
6,R3_2,262
6,R3_T,274
6,R4_H,318
6,R4_1,331
6,R4_2,369
6,R4_T,381
6,R4_H,427
X,X,X
6,L5_H,1
6,L5_1,14
6,L5_2,53
6,L5_T,64
6,L6_H,107
6,L6_1,119
6,L6_2,155
6,L6_T,166
6,L7_H,211
6,L7_1,222
6,L7_2,261
6,L7_T,270
6,L8_H,316
6,L8_1,327
6,L8_2,367
6,L8_T,376
6,L8_H,420
6,R5_T,11
6,R5_H,55
6,R5_1,68
6,R5_2,105
6,R5_T,117
6,R6_H,160
6,R6_1,165
6,R6_2,208
6,R6_T,221
6,R7_H,263
6,R7_1,275
6,R7_2,314
6,R7_T,326
6,R8_H,368
6,R8_1,381
6,R8_2,418
6,R8_T,430
X,X,X
6,L9_T,10
6,L9_H,53
6,L9_1,66
6,L9_2,107
6,L9_T,115
6,L10_H,159
6,L10_1,172
6,L10_2,210
6,L10_T,221
6,L11_H,264
6,L11_1,275
6,L11_2,315
6,L11_T,325
6,L12_H,367
6,L12_1,380
6,L12_2,417
6,L12_T,428
6,L12_H,470
6,R9_H,1
6,R9_1,16
6,R9_2,50
6,R9_T,63
6,R10_H,107
6,R10_1,117
6,R10_2,159
6,R10_T,169
6,R11_H,213
6,R11_1,227
6,R11_2,263
6,R11_T,273
6,R12_H,316
6,R12_1,330
6,R12_2,365
6,R12_T,378
6,R13_H,419
6,R13_1,433
6,R13_2,468
6,R13_T,481
X,X,X
6,L13_H,1
6,L13_1,12
6,L13_2,55
6,L13_T,64
6,L14_H,109
6,L14_1,122
6,L14_2,161
6,L14_T,173
6,L15_H,218
6,L15_1,230
6,L15_2,269
6,L15_T,280
6,L16_H,325
6,L16_1,339
6,L16_2,378
6,L16_T,388
6,L16_H,432
6,R14_T,8
6,R14_H,55
6,R14_1,65
6,R14_2,106
6,R14_T,118
6,R15_H,163
6,R15_1,177
6,R15_2,215
6,R15_T,226
6,R16_H,272
6,R16_1,284
6,R16_2,323
6,R16_T,335
6,R17_H,380
6,R17_1,391
6,R17_2,431
6,R17_T,442
X,X,X
6,L17_T,11
6,L17_H,56
6,L17_1,71
6,L17_2,106
6,L17_T,116
6,L18_H,160
6,L18_1,171
6,L18_2,212
6,L18_T,223
6,L19_H,269
6,L19_1,280
6,L19_2,318
6,L19_T,328
6,L20_H,371
6,L20_1,384
6,L20_2,422
6,L20_T,433
6,R18_H,1
6,R18_1,16
6,R18_2,55
6,R18_T,64
6,R19_H,108
6,R19_1,120
6,R19_2,158
6,R19_T,169
6,R20_H,215
6,R20_1,228
6,R20_2,267
6,R20_T,277
6,R21_H,319
6,R21_1,333
6,R21_2,369
6,R21_T,380
6,R21_H,424
X,X,X
6,L21_H,1
6,L21_1,16
6,L21_2,54
6,L21_T,66
6,L22_H,111
6,L22_1,123
6,L22_2,162
6,L22_T,173
6,L23_H,219
6,L23_1,232
6,L23_2,272
6,L23_T,283
6,L24_H,329
6,L24_1,346
6,L24_2,383
6,L24_T,393
6,L25_H,437
6,L25_1,453
6,L25_2,488
6,L25_T,499
6,R22_T,10
6,R22_H,56
6,R22_1,71
6,R22_2,108
6,R22_T,119
6,R23_H,164
6,R23_1,173
6,R23_2,218
6,R23_T,228
6,R24_H,275
6,R24_1,288
6,R24_2,327
6,R24_T,339
6,R25_H,384
6,R25_1,398
6,R25_2,435
6,R25_T,446
6,R25_H,490
X,X,X
6,L26_T,11
6,L26_H,56
6,L26_1,72
6,L26_2,106
6,L26_T,118
6,L27_H,163
6,L27_1,179
6,L27_2,214
6,L27_T,225
6,L28_H,268
6,L28_1,283
6,L28_2,317
6,L28_T,327
6,L29_H,371
6,L29_1,383
6,L29_2,423
6,L29_T,433
6,R26_H,1
6,R26_1,18
6,R26_2,55
6,R26_T,66
6,R27_H,110
6,R27_1,121
6,R27_2,162
6,R27_T,173
6,R28_H,217
6,R28_1,228
6,R28_2,265
6,R28_T,276
6,R29_H,319
6,R29_1,333
6,R29_2,370
6,R29_T,381
6,R29_H,425
X,X,X
6,L30_H,1
6,L30_1,13
6,L30_2,54
6,L30_T,65
6,L31_H,112
6,L31_1,125
6,L31_2,166
6,L31_T,178
6,L32_H,222
6,L32_1,238
6,L32_2,276
6,L32_T,288
6,L33_H,331
6,L33_1,347
6,L33_2,385
6,L33_T,397
6,L33_H,439
6,R30_T,10
6,R30_H,56
6,R30_1,70
6,R30_2,111
6,R30_T,123
6,R31_H,168
6,R31_1,183
6,R31_2,220
6,R31_T,232
6,R32_H,278
6,R32_1,293
6,R32_2,330
6,R32_T,342
6,R33_H,387
6,R33_1,400
6,R33_2,439
6,R33_T,450
X,X,X
6,L34_T,9
6,L34_H,54
6,L34_1,66
6,L34_2,106
6,L34_T,116
6,L35_H,162
6,L35_1,176
6,L35_2,213
6,L35_T,223
6,L36_H,268
6,L36_1,283
6,L36_2,317
6,L36_T,326
6,L37_H,370
6,L37_1,385
6,L37_2,420
6,L37_T,431
6,L37_H,474
6,R34_H,1
6,R34_1,11
6,R34_2,50
6,R34_T,62
6,R35_H,108
6,R35_1,123
6,R35_2,160
6,R35_T,171
6,R36_H,216
6,R36_1,229
6,R36_2,267
6,R36_T,277
6,R37_H,318
6,R37_1,329
6,R37_2,369
6,R37_T,380
6,R38_H,423
6,R38_1,437
6,R38_2,472
6,R38_T,483
X,X,X
6,L38_H,1
6,L38_1,14
6,L38_2,51
6,L38_T,61
6,L39_H,107
6,L39_1,118
6,L39_2,155
6,L39_T,166
6,L40_H,212
6,L40_1,223
6,L40_2,261
6,L40_T,270
6,L41_H,316
6,L41_1,328
6,L41_2,366
6,L41_T,376
6,L41_H,421
6,R39_T,9
6,R39_H,54
6,R39_1,68
6,R39_2,103
6,R39_T,116
6,R40_H,159
6,R40_1,169
6,R40_2,210
6,R40_T,220
6,R41_H,263
6,R41_1,273
6,R41_2,314
6,R41_T,325
6,R42_H,368
6,R42_1,380
6,R42_2,419
6,R42_T,429
X,X,X
6,L42_T,8
6,L42_H,56
6,L42_1,71
6,L42_2,108
6,L42_T,118
6,L43_H,164
6,L43_1,175
6,L43_2,213
6,L43_T,223
6,L44_H,269
6,L44_1,281
6,L44_2,319
6,L44_T,329
6,L45_H,372
6,L45_1,384
6,L45_2,422
6,L45_T,431
6,R43_H,1
6,R43_1,13
6,R43_2,53
6,R43_T,65
6,R44_H,110
6,R44_1,123
6,R44_2,162
6,R44_T,172
6,R45_H,216
6,R45_1,225
6,R45_2,266
6,R45_T,277
6,R46_H,320
6,R46_1,333
6,R46_2,371
6,R46_T,381
6,R46_H,423
X,X,X
6,L46_H,1
6,L46_1,13
6,L46_2,51
6,L46_T,65
6,L47_H,112
6,L47_1,124
6,L47_2,162
6,L47_T,173
6,L48_H,219
6,L48_1,233
6,L48_2,269
6,L48_T,279
6,L49_H,323
6,L49_1,336
6,L49_2,374
6,L49_T,383
6,L49_H,426
6,R47_T,10
6,R47_H,58
6,R47_1,69
6,R47_2,109
6,R47_T,120
6,R48_H,165
6,R48_1,177
6,R48_2,216
6,R48_T,227
6,R49_H,271
6,R49_1,282
6,R49_2,320
6,R49_T,331
6,R50_H,374
6,R50_1,388
6,R50_2,424
6,R50_T,435
X,X,X
